 0.0235646, -6.9715E007
-6.0375E007, 3.48575E007
6.0375E007, 3.48575E007
         0,          0
         0,          0
         0,          0
         0,          0
         0,          0
         0,          0
         0,          0
         0,          0
         0,          0
         0,          0
         0,          0
         0,          0
         0,          0
         0,          0
         0,          0
         0,          0
         0,          0
         0,          0
         0,          0
         0,          0
         0,          0
         0,          0
         0,          0
         0,          0
         0,          0
         0,          0
         0,          0
         0,          0
         0,          0
         0,          0
         0,          0
         0,          0
         0,          0
         0,          0
         0,          0
         0,          0
         0,          0
         0,          0
         0,          0
         0,          0
         0,          0
         0,          0
-0.0613692,  0.0164603
-0.0613692,  0.0164603
         0,          0
         0,          0
 0.0352838, -0.00931148
         0,          0
         0,          0
 -0.163457,  0.0442522
 -0.163457,  0.0442522
         0,          0
         0,          0
         0,          0
-0.0584272,  0.0155666
         0,          0
         0,          0
 -0.424544,   0.118091
 -0.424544,   0.118091
 -0.424544,   0.118091
         0,          0
         0,          0
 0.0263092, -0.00694756
         0,          0
         0,          0
-0.0678193,   0.018201
-0.0678193,   0.018201
         0,          0
         0,          0
-0.00202068, 0.000536157
         0,          0
         0,          0
 -0.104994,  0.0282856
 -0.104994,  0.0282856
         0,          0
         0,          0
         0,          0
 -0.224033,  0.0602562
         0,          0
         0,          0
 -0.240096,  0.0659209
 -0.240096,  0.0659209
 -0.240096,  0.0659209
         0,          0
         0,          0
-0.0779704,  0.0210505
-0.0779704,  0.0210505
-0.0779704,  0.0210505
         0,          0
         0,          0
 -0.176599,  0.0482145
 -0.176599,  0.0482145
 -0.176599,  0.0482145
         0,          0
         0,          0
 -0.231933,  0.0636382
 -0.231933,  0.0636382
 -0.231933,  0.0636382
         0,          0
         0,          0
-0.0620626,  0.0166445
-0.0620626,  0.0166445
         0,          0
         0,          0
         0,          0
         0,          0
         0,          0
         0,          0
 0.0478414,  -0.012617
 0.0478414,  -0.012617
         0,          0
         0,          0
         0,          0
         0,          0
 0.0978915,  0.0916918
         0,          0
         0,          0
         0,          0
         0,          0
 0.0286291,   0.026791
 0.0286291,   0.026791
         0,          0
         0,          0
         0,          0
         0,          0
  0.122331,   0.113533
  0.122331,   0.113533
         0,          0
         0,          0
         0,          0
         0,          0
  0.143466,   0.132762
  0.143466,   0.132762
         0,          0
         0,          0
         0,          0
         0,          0
0.00537743, 0.00503081
         0,          0
         0,          0
         0,          0
         0,          0
  0.285862,   0.261554
         0,          0
         0,          0
         0,          0
         0,          0
         0,          0
         0,          0
         0,          0
         0,          0
         0,          0
         0,          0
         0,          0
         0,          0
         0,          0
         0,          0
         0,          0
         0,          0
  -0.21956,   0.059974
         0,          0
         0,          0
         0,          0
         0,          0
 -0.421883,   0.117959
 -0.421883,   0.117959
         0,          0
         0,          0
         0,          0
         0,          0
 0.0309846,  -0.128435
         0,          0
         0,          0
         0,          0
         0,          0
 -0.169086,  0.0465904
 -0.169086,  0.0465904
 -0.169086,  0.0465904
         0,          0
         0,          0
         0,          0
         0,          0
         0,          0
 -0.407385,   0.116082
 -0.407385,   0.116082
 -0.407385,   0.116082
 -0.407385,   0.116082
         0,          0
         0,          0
 -0.565083,   0.162792
 -0.565083,   0.162792
 -0.565083,   0.162792
 -0.565083,   0.162792
         0,          0
         0,          0
 -0.458141,   0.131042
 -0.458141,   0.131042
 -0.458141,   0.131042
 -0.458141,   0.131042
         0,          0
         0,          0
         0,          0
         0,          0
 -0.041975,  0.0113453
         0,          0
         0,          0
         0,          0
         0,          0
         0,          0
         0,          0
         0,          0
 0.0346662,  -0.145254
 0.0346662,  -0.145254
         0,          0
         0,          0
         0,          0
 0.0721254,  -0.309396
 0.0721254,  -0.309396
 0.0721254,  -0.309396
         0,          0
         0,          0
 0.0326699,  -0.136109
 0.0326699,  -0.136109
         0,          0
         0,          0
  0.153884,  -0.682724
  0.153884,  -0.682724
  0.153884,  -0.682724
  0.153884,  -0.682724
  0.153884,  -0.682724
         0,          0
         0,          0
 0.0398092,  -0.167195
 0.0398092,  -0.167195
         0,          0
         0,          0
 0.0455574,  -0.193412
 0.0455574,  -0.193412
 0.0455574,  -0.193412
         0,          0
         0,          0
-0.00112727, 0.00462263
         0,          0
         0,          0
 0.0425386,   -0.17885
 0.0425386,   -0.17885
         0,          0
         0,          0
 0.0250601,   -0.10422
         0,          0
         0,          0
         0,          0
         0,          0
         0,          0
         0,          0
         0,          0
 -0.230965,  0.0643343
 -0.230965,  0.0643343
 -0.230965,  0.0643343
         0,          0
         0,          0
         0,          0
         0,          0
         0,          0
         0,          0
         0,          0
 0.0693776,  -0.294789
 0.0693776,  -0.294789
         0,          0
         0,          0
         0,          0
         0,          0
 -0.361959,   0.100751
 -0.361959,   0.100751
         0,          0
         0,          0
         0,          0
         0,          0
 -0.502592,    0.14081
 -0.502592,    0.14081
         0,          0
         0,          0
         0,          0
 -0.299023,  0.0836086
 -0.299023,  0.0836086
 -0.299023,  0.0836086
         0,          0
         0,          0
 -0.197727,  0.0539075
         0,          0
         0,          0
         0,          0
         0,          0
 -0.152002,  0.0413019
         0,          0
         0,          0
         0,          0
         0,          0
         0,          0
         0,          0
         0,          0
 -0.516118,   0.142184
         0,          0
         0,          0
         0,          0
         0,          0
 -0.199317,  0.0543808
 -0.199317,  0.0543808
         0,          0
         0,          0
         0,          0
         0,          0
         0,          0
         0,          0
 -0.571515,   0.160663
         0,          0
         0,          0
 -0.160154,  0.0437667
 -0.160154,  0.0437667
         0,          0
         0,          0
         0,          0
         0,          0
 -0.246553,  0.0674712
         0,          0
         0,          0
         0,          0
         0,          0
 -0.249662,  0.0692399
 -0.249662,  0.0692399
         0,          0
         0,          0
 -0.111463,  0.0302081
         0,          0
         0,          0
 -0.226177,  0.0618199
         0,          0
         0,          0
 -0.337541,  0.0942706
 -0.337541,  0.0942706
         0,          0
         0,          0
         0,          0
 -0.600203,   0.168777
         0,          0
         0,          0
 -0.377919,   0.103883
 -0.377919,   0.103883
         0,          0
         0,          0
 -0.330088,  0.0907605
         0,          0
         0,          0
         0,          0
         0,          0
         0,          0
         0,          0
         0,          0
 -0.203227,  0.0552467
 -0.203227,  0.0552467
         0,          0
         0,          0
         0,          0
         0,          0
  -0.13508,  0.0370647
  -0.13508,  0.0370647
  -0.13508,  0.0370647
  -0.13508,  0.0370647
         0,          0
-2.63089E-005, 0.000105919
         0,          0
         0,          0
         0,          0
         0,          0
-0.0215553,  0.0057346
         0,          0
         0,          0
         0,          0
         0,          0
         0,          0
         0,          0
 0.0499523,  -0.213242
 0.0499523,  -0.213242
         0,          0
         0,          0
         0,          0
  0.020292, -0.0865449
  0.020292, -0.0865449
  0.020292, -0.0865449
  0.020292, -0.0865449
         0,          0
         0,          0
         0,          0
         0,          0
-0.0102156,  0.0421588
-0.0102156,  0.0421588
         0,          0
         0,          0
-0.0187162,  0.0768178
         0,          0
         0,          0
         0,          0
         0,          0
 0.0130476, -0.0548582
 0.0130476, -0.0548582
         0,          0
         0,          0
 0.0227166, -0.0960761
 0.0227166, -0.0960761
 0.0227166, -0.0960761
         0,          0
         0,          0
         0,          0
         0,          0
 0.0878288,  -0.378802
 0.0878288,  -0.378802
         0,          0
         0,          0
         0,          0
         0,          0
-0.0212992,   0.087457
         0,          0
         0,          0
-0.0112288,  0.0460388
         0,          0
         0,          0
 0.0282884,  -0.121434
 0.0282884,  -0.121434
 0.0282884,  -0.121434
 0.0282884,  -0.121434
 0.0282884,  -0.121434
 0.0282884,  -0.121434
         0,          0
         0,          0
         0,          0
         0,          0
         0,          0
-0.00550577,  0.0228668
-0.00550577,  0.0228668
-0.00550577,  0.0228668
         0,          0
         0,          0
         0,          0
 0.0395583,  -0.167284
         0,          0
         0,          0
  0.348334,   0.311712
  0.348334,   0.311712
  0.348334,   0.311712
         0,          0
         0,          0
  0.122484,   0.110451
  0.122484,   0.110451
  0.122484,   0.110451
         0,          0
         0,          0
         0,          0
  0.326888,   0.294219
         0,          0
         0,          0
  0.322669,   0.289397
         0,          0
         0,          0
         0,          0
         0,          0
         0,          0
  0.242771,    0.21775
  0.242771,    0.21775
         0,          0
         0,          0
  0.760567,   0.672313
  0.760567,   0.672313
  0.760567,   0.672313
         0,          0
         0,          0
  0.256948,   0.229999
  0.256948,   0.229999
         0,          0
         0,          0
  0.304064,   0.270887
         0,          0
         0,          0
         0,          0
  0.422669,   0.375996
  0.422669,   0.375996
         0,          0
         0,          0
 0.0403707,  0.0363717
         0,          0
         0,          0
 0.0202581,  0.0182586
         0,          0
         0,          0
   0.21826,   0.195724
         0,          0
         0,          0
  0.345126,   0.307455
         0,          0
         0,          0
         0,          0
   1.69528,    1.46981
   1.69528,    1.46981
         0,          0
         0,          0
  0.927517,   0.816536
         0,          0
         0,          0
         0,          0
         0,          0
         0,          0
  0.909462,   0.791639
  0.909462,   0.791639
  0.909462,   0.791639
         0,          0
         0,          0
  0.956006,   0.831026
  0.956006,   0.831026
  0.956006,   0.831026
         0,          0
         0,          0
         0,          0
   0.42856,   0.379428
   0.42856,   0.379428
         0,          0
         0,          0
  0.772872,   0.679144
  0.772872,   0.679144
         0,          0
         0,          0
  0.835426,   0.723238
  0.835426,   0.723238
  0.835426,   0.723238
  0.835426,   0.723238
         0,          0
         0,          0
   1.08809,   0.942426
   1.08809,   0.942426
   1.08809,   0.942426
         0,          0
         0,          0
  0.919629,    0.79415
  0.919629,    0.79415
  0.919629,    0.79415
  0.919629,    0.79415
         0,          0
         0,          0
  0.838497,    0.73203
  0.838497,    0.73203
  0.838497,    0.73203
  0.838497,    0.73203
         0,          0
         0,          0
  0.802929,   0.705109
  0.802929,   0.705109
         0,          0
         0,          0
   1.00492,   0.879237
   1.00492,   0.879237
   1.00492,   0.879237
         0,          0
         0,          0
   4.07126,   0.204876
   4.07126,   0.204876
   4.07126,   0.204876
         0,          0
         0,          0
  0.575942,   0.511481
         0,          0
         0,          0
  0.652663,   0.574969
  0.652663,   0.574969
         0,          0
         0,          0
  0.495731,   0.438135
  0.495731,   0.438135
  0.495731,   0.438135
         0,          0
         0,          0
         0,          0
         0,          0
   0.38278,   0.339925
         0,          0
         0,          0
         0,          0
         0,          0
   1.32837,    1.15627
   1.32837,    1.15627
         0,          0
         0,          0
  0.617879,   0.546029
         0,          0
         0,          0
         0,          0
  0.878934,   0.765178
  0.878934,   0.765178
  0.878934,   0.765178
         0,          0
         0,          0
  0.313086,   0.279043
         0,          0
         0,          0
  0.815205,   0.717865
         0,          0
         0,          0
   1.14925,     1.0034
   1.14925,     1.0034
         0,          0
         0,          0
         0,          0
         0,          0
         0,          0
         0,          0
   3.49038,   0.177397
   3.49038,   0.177397
   3.49038,   0.177397
   3.49038,   0.177397
   3.49038,   0.177397
         0,          0
         0,          0
         0,          0
         0,          0
         0,          0
         0,          0
   1.40379,    1.22006
   1.40379,    1.22006
   1.40379,    1.22006
         0,          0
         0,          0
         0,          0
         0,          0
         0,          0
         0,          0
   1.84622,    1.59388
   1.84622,    1.59388
   1.84622,    1.59388
         0,          0
         0,          0
         0,          0
         0,          0
         0,          0
         0,          0
  0.972992,    0.84522
  0.972992,    0.84522
  0.972992,    0.84522
         0,          0
         0,          0
         0,          0
         0,          0
         0,          0
         0,          0
   4.03329,   0.209919
   4.03329,   0.209919
   4.03329,   0.209919
   4.03329,   0.209919
         0,          0
         0,          0
         0,          0
         0,          0
         0,          0
         0,          0
  0.993719,   0.869462
  0.993719,   0.869462
  0.993719,   0.869462
         0,          0
         0,          0
         0,          0
         0,          0
         0,          0
         0,          0
  0.574566,   0.506909
  0.574566,   0.506909
         0,          0
         0,          0
         0,          0
         0,          0
         0,          0
         0,          0
   3.94866,   0.200864
   3.94866,   0.200864
   3.94866,   0.200864
         0,          0
         0,          0
         0,          0
         0,          0
         0,          0
         0,          0
    1.1089,   0.968216
    1.1089,   0.968216
    1.1089,   0.968216
         0,          0
         0,          0
         0,          0
         0,          0
         0,          0
         0,          0
   1.39565,     1.2045
   1.39565,     1.2045
   1.39565,     1.2045
   1.39565,     1.2045
         0,          0
         0,          0
         0,          0
         0,          0
  0.322266,   0.287753
         0,          0
         0,          0
         0,          0
  0.799844,   0.707262
  0.799844,   0.707262
         0,          0
         0,          0
   0.48346,    0.42543
   0.48346,    0.42543
         0,          0
         0,          0
         0,          0
         0,          0
  0.145514,   0.131659
         0,          0
         0,          0
         0,          0
 0.0678581,  -0.288303
 0.0678581,  -0.288303
         0,          0
         0,          0
 0.0232943, -0.0974348
 0.0232943, -0.0974348
         0,          0
         0,          0
0.000643497, -0.00264766
         0,          0
         0,          0
  0.138049,  -0.592397
         0,          0
         0,          0
-0.0106117,  0.0431389
         0,          0
         0,          0
         0,          0
         0,          0
 0.0375457,  -0.158034
 0.0375457,  -0.158034
         0,          0
         0,          0
-0.00511663,  0.0209563
         0,          0
         0,          0
 0.0168689, -0.0701213
 0.0168689, -0.0701213
         0,          0
         0,          0
         0,          0
  0.043812,  -0.182737
         0,          0
         0,          0
         0,          0
         0,          0
-0.00905684,   0.036964
         0,          0
         0,          0
 0.0274069,  -0.115649
 0.0274069,  -0.115649
         0,          0
         0,          0
 0.0302811,  -0.127983
 0.0302811,  -0.127983
 0.0302811,  -0.127983
         0,          0
         0,          0
-0.0125625,  0.0511871
         0,          0
         0,          0
         0,          0
         0,          0
 0.0183785, -0.0764456
 0.0183785, -0.0764456
         0,          0
         0,          0
 0.0471659,   -0.19927
 0.0471659,   -0.19927
         0,          0
         0,          0
 0.0428685,   -0.18217
 0.0428685,   -0.18217
 0.0428685,   -0.18217
 0.0428685,   -0.18217
         0,          0
         0,          0
-0.0066232,  0.0271334
         0,          0
         0,          0
  0.038224,  -0.159253
         0,          0
         0,          0
 0.0203874, -0.0851624
 0.0203874, -0.0851624
         0,          0
         0,          0
 0.0308278,  -0.129359
 0.0308278,  -0.129359
         0,          0
         0,          0
         0,          0
 -0.684273,   0.195681
 -0.684273,   0.195681
 -0.684273,   0.195681
 -0.684273,   0.195681
         0,          0
         0,          0
 -0.330253,  0.0919583
 -0.330253,  0.0919583
 -0.330253,  0.0919583
         0,          0
         0,          0
 -0.258727,  0.0716647
 -0.258727,  0.0716647
         0,          0
         0,          0
 -0.229528,  0.0628215
         0,          0
         0,          0
-0.0461019,  0.0124653
         0,          0
         0,          0
 -0.218986,  0.0608838
 -0.218986,  0.0608838
 -0.218986,  0.0608838
 -0.218986,  0.0608838
         0,          0
         0,          0
 -0.291228,   0.080865
 -0.291228,   0.080865
         0,          0
         0,          0
         0,          0
         0,          0
         0,          0
         0,          0
         0,          0
 -0.553059,   0.159324
 -0.553059,   0.159324
 -0.553059,   0.159324
 -0.553059,   0.159324
         0,          0
         0,          0
         0,          0
         0,          0
 0.0624335,  -0.265258
 0.0624335,  -0.265258
 0.0624335,  -0.265258
         0,          0
         0,          0
 0.0185848, -0.0769156
 0.0185848, -0.0769156
         0,          0
         0,          0
         0,          0
         0,          0
 -0.176886,  0.0485623
 -0.176886,  0.0485623
         0,          0
         0,          0
         0,          0
  -1.19746,   0.337974
         0,          0
         0,          0
 -0.321977,  0.0906101
 -0.321977,  0.0906101
 -0.321977,  0.0906101
         0,          0
         0,          0
 -0.565527,   0.161627
 -0.565527,   0.161627
 -0.565527,   0.161627
         0,          0
         0,          0
 -0.735391,   0.212039
 -0.735391,   0.212039
 -0.735391,   0.212039
         0,          0
         0,          0
 -0.360729,  0.0995869
         0,          0
         0,          0
 -0.230798,  0.0633683
         0,          0
         0,          0
  -0.20381,  0.0564184
  -0.20381,  0.0564184
         0,          0
         0,          0
 -0.207964,   0.057924
 -0.207964,   0.057924
 -0.207964,   0.057924
 -0.207964,   0.057924
         0,          0
         0,          0
         0,          0
 -0.265145,  0.0748358
 -0.265145,  0.0748358
 -0.265145,  0.0748358
 -0.265145,  0.0748358
         0,          0
         0,          0
 -0.302845,  0.0843818
 -0.302845,  0.0843818
         0,          0
         0,          0
 -0.797866,   0.227368
 -0.797866,   0.227368
         0,          0
         0,          0
 -0.469858,   0.132311
 -0.469858,   0.132311
 -0.469858,   0.132311
 -0.469858,   0.132311
         0,          0
         0,          0
 -0.418509,   0.118559
 -0.418509,   0.118559
 -0.418509,   0.118559
         0,          0
         0,          0
 -0.249321,  0.0697715
 -0.249321,  0.0697715
 -0.249321,  0.0697715
         0,          0
         0,          0
  -0.80343,   0.232292
  -0.80343,   0.232292
  -0.80343,   0.232292
         0,          0
         0,          0
-0.0121472,  0.0491635
         0,          0
         0,          0
  0.126301,  -0.562029
  0.126301,  -0.562029
  0.126301,  -0.562029
  0.126301,  -0.562029
  0.126301,  -0.562029
         0,          0
         0,          0
 0.0455103,  -0.192147
 0.0455103,  -0.192147
 0.0455103,  -0.192147
         0,          0
         0,          0
 0.0449931,  -0.188312
 0.0449931,  -0.188312
         0,          0
         0,          0
 0.0162804, -0.0674256
 0.0162804, -0.0674256
 0.0162804, -0.0674256
         0,          0
         0,          0
  0.239303,   -1.07041
  0.239303,   -1.07041
  0.239303,   -1.07041
         0,          0
         0,          0
         0,          0
         0,          0
         0,          0
         0,          0
         0,          0
-0.0500346,  0.0135802
         0,          0
         0,          0
         0,          0
         0,          0
 -0.689419,   0.195521
 -0.689419,   0.195521
         0,          0
         0,          0
         0,          0
         0,          0
 -0.516348,   0.145531
 -0.516348,   0.145531
         0,          0
         0,          0
         0,          0
         0,          0
         0,          0
         0,          0
         0,          0
         0,          0
         0,          0
         0,          0
         0,          0
         0,          0
         0,          0
         0,          0
         0,          0
         0,          0
         0,          0
         0,          0
         0,          0
         0,          0
         0,          0
         0,          0
         0,          0
         0,          0
         0,          0
 0.0105368, -0.0434701
         0,          0
         0,          0
         0,          0
         0,          0
 0.0545067,   -0.23159
 0.0545067,   -0.23159
 0.0545067,   -0.23159
 0.0545067,   -0.23159
         0,          0
         0,          0
0.00499616, -0.0205984
0.00499616, -0.0205984
         0,          0
         0,          0
-0.00168295, 0.00690653
-0.00168295, 0.00690653
-0.00168295, 0.00690653
-0.00168295, 0.00690653
         0,          0
         0,          0
 0.0606439,  -0.258283
 0.0606439,  -0.258283
 0.0606439,  -0.258283
 0.0606439,  -0.258283
         0,          0
         0,          0
         0,          0
         0,          0
         0,          0
         0,          0
         0,          0
         0,          0
 -0.316181,  0.0874378
         0,          0
         0,          0
         0,          0
 -0.374527,   0.105219
 -0.374527,   0.105219
 -0.374527,   0.105219
         0,          0
         0,          0
 -0.238901,  0.0665304
 -0.238901,  0.0665304
         0,          0
         0,          0
  -0.13604,  0.0375903
  -0.13604,  0.0375903
         0,          0
         0,          0
 -0.186231,  0.0514168
 -0.186231,  0.0514168
         0,          0
         0,          0
 -0.209148,  0.0576173
         0,          0
         0,          0
 -0.223105,  0.0620956
 -0.223105,  0.0620956
         0,          0
         0,          0
 -0.158829,  0.0442687
 -0.158829,  0.0442687
 -0.158829,  0.0442687
         0,          0
         0,          0
         0,          0
-0.0862465,  0.0235965
         0,          0
         0,          0
         0,          0
-0.0492013,  0.0135212
-0.0492013,  0.0135212
-0.0492013,  0.0135212
         0,          0
         0,          0
         0,          0
 -0.338429,  0.0938305
         0,          0
         0,          0
 -0.184391,   0.050947
 -0.184391,   0.050947
         0,          0
         0,          0
 -0.136525,  0.0374937
         0,          0
         0,          0
 -0.137537,  0.0377741
         0,          0
         0,          0
 -0.161641,  0.0448238
 -0.161641,  0.0448238
 -0.161641,  0.0448238
         0,          0
         0,          0
         0,          0
  -0.20632,  0.0574365
  -0.20632,  0.0574365
  -0.20632,  0.0574365
  -0.20632,  0.0574365
         0,          0
         0,          0
 -0.373373,   0.104929
 -0.373373,   0.104929
         0,          0
         0,          0
 -0.214021,  0.0595865
 -0.214021,  0.0595865
 -0.214021,  0.0595865
         0,          0
         0,          0
         0,          0
         0,          0
         0,          0
         0,          0
         0,          0
         0,          0
         0,          0
         0,          0
         0,          0
         0,          0
         0,          0
-0.0915589,   0.025115
         0,          0
 0.0662895,    0.06099
         0,          0
-0.00425812,  0.0173707
         0,          0
         0,          0
         0,          0
         0,          0
         0,          0
         0,          0
         0,          0
         0,          0
         0,          0
         0,          0
         0,          0
         0,          0
         0,          0
         0,          0
         0,          0
         0,          0
         0,          0
         0,          0
         0,          0
         0,          0
         0,          0
         0,          0
         0,          0
         0,          0
         0,          0
         0,          0
         0,          0
         0,          0
 -0.151355,  0.0413914
         0,          0
  0.109861,   0.101228
         0,          0
-0.0105771,  0.0430058
         0,          0
         0,          0
         0,          0
         0,          0
         0,          0
         0,          0
         0,          0
         0,          0
-0.00637769, 0.00172876
         0,          0
 0.0509557,  0.0469322
         0,          0
         0,          0
         0,          0
-0.0071095,  0.0287628
         0,          0
         0,          0
 0.0430974,  -0.181004
 0.0430974,  -0.181004
         0,          0
         0,          0
0.00918927, -0.0379025
         0,          0
         0,          0
  0.181419,  -0.781499
         0,          0
         0,          0
   0.01172, -0.0487617
   0.01172, -0.0487617
   0.01172, -0.0487617
         0,          0
         0,          0
 0.0166237, -0.0690491
 0.0166237, -0.0690491
         0,          0
         0,          0
  0.295526,    -1.3121
  0.295526,    -1.3121
         0,          0
         0,          0
         0,          0
  0.156914,   0.142875
  0.156914,   0.142875
  0.156914,   0.142875
         0,          0
         0,          0
  0.235788,   0.213742
  0.235788,   0.213742
  0.235788,   0.213742
         0,          0
         0,          0
  0.385995,   0.346728
  0.385995,   0.346728
  0.385995,   0.346728
  0.385995,   0.346728
  0.385995,   0.346728
         0,          0
         0,          0
         0,          0
         0,          0
  0.467987,   0.419758
  0.467987,   0.419758
  0.467987,   0.419758
         0,          0
         0,          0
         0,          0
         0,          0
         0,          0
         0,          0
         0,          0
         0,          0
         0,          0
         0,          0
   0.41353,   0.374699
         0,          0
         0,          0
         0,          0
  -0.17753,  0.0488695
  -0.17753,  0.0488695
         0,          0
         0,          0
 -0.267146,   0.074473
 -0.267146,   0.074473
 -0.267146,   0.074473
 -0.267146,   0.074473
         0,          0
         0,          0
         0,          0
         0,          0
  0.258749,   0.234936
  0.258749,   0.234936
         0,          0
         0,          0
         0,          0
         0,          0
  0.265829,   0.241043
  0.265829,   0.241043
  0.265829,   0.241043
         0,          0
         0,          0
         0,          0
         0,          0
         0,          0
         0,          0
         0,          0
         0,          0
         0,          0
         0,          0
 -0.500709,   0.142611
 -0.500709,   0.142611
 -0.500709,   0.142611
 -0.500709,   0.142611
         0,          0
         0,          0
         0,          0
         0,          0
         0,          0
         0,          0
         0,          0
         0,          0
         0,          0
  0.449815,   0.406985
         0,          0
         0,          0
         0,          0
  0.517793,   0.463716
  0.517793,   0.463716
  0.517793,   0.463716
         0,          0
         0,          0
  0.755411,   0.667401
  0.755411,   0.667401
  0.755411,   0.667401
         0,          0
         0,          0
  0.979164,   0.853162
  0.979164,   0.853162
  0.979164,   0.853162
  0.979164,   0.853162
         0,          0
         0,          0
  0.455462,   0.408631
  0.455462,   0.408631
         0,          0
         0,          0
  0.654965,   0.576609
  0.654965,   0.576609
  0.654965,   0.576609
  0.654965,   0.576609
         0,          0
         0,          0
   0.59309,   0.529917
   0.59309,   0.529917
   0.59309,   0.529917
         0,          0
         0,          0
  0.663361,   0.588752
  0.663361,   0.588752
  0.663361,   0.588752
  0.663361,   0.588752
         0,          0
         0,          0
  0.366002,   0.329159
  0.366002,   0.329159
  0.366002,   0.329159
         0,          0
         0,          0
  0.399439,   0.358776
  0.399439,   0.358776
  0.399439,   0.358776
         0,          0
         0,          0
  0.715232,   0.636644
  0.715232,   0.636644
  0.715232,   0.636644
  0.715232,   0.636644
         0,          0
         0,          0
  0.554211,   0.495253
  0.554211,   0.495253
  0.554211,   0.495253
  0.554211,   0.495253
         0,          0
         0,          0
   0.56851,   0.507957
   0.56851,   0.507957
   0.56851,   0.507957
         0,          0
         0,          0
   0.65363,   0.582913
   0.65363,   0.582913
         0,          0
         0,          0
  0.632376,   0.560186
  0.632376,   0.560186
  0.632376,   0.560186
         0,          0
         0,          0
   1.11487,   0.974912
   1.11487,   0.974912
   1.11487,   0.974912
         0,          0
         0,          0
  0.683445,   0.604448
  0.683445,   0.604448
  0.683445,   0.604448
         0,          0
         0,          0
  0.555666,   0.493451
  0.555666,   0.493451
  0.555666,   0.493451
         0,          0
         0,          0
   1.03285,   0.913561
   1.03285,   0.913561
         0,          0
         0,          0
         0,          0
         0,          0
         0,          0
         0,          0
 -0.708736,   0.197537
         0,          0
         0,          0
         0,          0
         0,          0
         0,          0
         0,          0
         0,          0
         0,          0
         0,          0
         0,          0
         0,          0
         0,          0
         0,          0
  0.281043,   0.254286
         0,          0
         0,          0
         0,          0
         0,          0
         0,          0
         0,          0
 -0.904935,   0.263899
 -0.904935,   0.263899
 -0.904935,   0.263899
         0,          0
         0,          0
         0,          0
         0,          0
         0,          0
         0,          0
 -0.589291,   0.169321
 -0.589291,   0.169321
 -0.589291,   0.169321
         0,          0
         0,          0
         0,          0
         0,          0
         0,          0
         0,          0
 -0.594257,   0.168855
 -0.594257,   0.168855
         0,          0
         0,          0
         0,          0
         0,          0
         0,          0
         0,          0
 -0.812009,   0.237075
 -0.812009,   0.237075
 -0.812009,   0.237075
 -0.812009,   0.237075
 -0.812009,   0.237075
         0,          0
         0,          0
         0,          0
         0,          0
         0,          0
         0,          0
 -0.879957,   0.259818
 -0.879957,   0.259818
 -0.879957,   0.259818
 -0.879957,   0.259818
 -0.879957,   0.259818
 -0.879957,   0.259818
         0,          0
         0,          0
         0,          0
         0,          0
         0,          0
         0,          0
  -0.76823,   0.219957
  -0.76823,   0.219957
  -0.76823,   0.219957
         0,          0
         0,          0
         0,          0
         0,          0
         0,          0
         0,          0
 -0.881933,   0.253561
 -0.881933,   0.253561
 -0.881933,   0.253561
         0,          0
         0,          0
         0,          0
         0,          0
  0.229547,   0.207624
         0,          0
         0,          0
         0,          0
         0,          0
         0,          0
         0,          0
         0,          0
         0,          0
         0,          0
         0,          0
         0,          0
         0,          0
         0,          0
  0.543683,   0.484176
  0.543683,   0.484176
  0.543683,   0.484176
         0,          0
         0,          0
         0,          0
         0,          0
  0.966109,   0.851942
  0.966109,   0.851942
  0.966109,   0.851942
         0,          0
         0,          0
         0,          0
         0,          0
  0.770954,   0.689461
         0,          0
         0,          0
  0.225779,   0.201053
  0.225779,   0.201053
  0.225779,   0.201053
         0,          0
         0,          0
  0.557368,   0.496056
  0.557368,   0.496056
  0.557368,   0.496056
         0,          0
         0,          0
         0,          0
         0,          0
   1.92392,    1.68659
   1.92392,    1.68659
         0,          0
         0,          0
         0,          0
         0,          0
 0.0356923,  0.0323487
         0,          0
         0,          0
         0,          0
         0,          0
         0,          0
         0,          0
         0,          0
         0,          0
         0,          0
         0,          0
 -0.182849,  0.0504546
         0,          0
         0,          0
 -0.207593,  0.0573443
         0,          0
         0,          0
         0,          0
 -0.337402,  0.0936698
         0,          0
         0,          0
         0,          0
         0,          0
         0,          0
         0,          0
         0,          0
         0,          0
         0,          0
         0,          0
 -0.888307,   0.259952
 -0.888307,   0.259952
 -0.888307,   0.259952
 -0.888307,   0.259952
 -0.888307,   0.259952
         0,          0
         0,          0
         0,          0
         0,          0
         0,          0
         0,          0
 -0.905001,   0.258217
         0,          0
         0,          0
 -0.330848,  0.0924376
         0,          0
         0,          0
 -0.518295,   0.148187
 -0.518295,   0.148187
 -0.518295,   0.148187
         0,          0
         0,          0
 -0.690954,   0.195087
 -0.690954,   0.195087
         0,          0
         0,          0
         0,          0
         0,          0
  -1.33078,   0.384238
         0,          0
         0,          0
         0,          0
         0,          0
         0,          0
         0,          0
         0,          0
  0.476174,    0.42599
  0.476174,    0.42599
         0,          0
         0,          0
         0,          0
         0,          0
         0,          0
         0,          0
         0,          0
         0,          0
         0,          0
         0,          0
  0.636212,   0.563607
  0.636212,   0.563607
         0,          0
         0,          0
  0.508688,   0.449163
  0.508688,   0.449163
  0.508688,   0.449163
         0,          0
         0,          0
  0.692672,   0.604203
  0.692672,   0.604203
  0.692672,   0.604203
  0.692672,   0.604203
         0,          0
         0,          0
  0.669103,   0.587435
  0.669103,   0.587435
  0.669103,   0.587435
         0,          0
         0,          0
  0.762503,   0.665607
  0.762503,   0.665607
  0.762503,   0.665607
  0.762503,   0.665607
  0.762503,   0.665607
         0,          0
         0,          0
  0.552859,   0.484083
  0.552859,   0.484083
  0.552859,   0.484083
  0.552859,   0.484083
         0,          0
         0,          0
  0.633994,   0.553336
  0.633994,   0.553336
  0.633994,   0.553336
  0.633994,   0.553336
         0,          0
         0,          0
  0.576073,   0.509568
  0.576073,   0.509568
         0,          0
         0,          0
  0.342937,   0.305093
  0.342937,   0.305093
         0,          0
         0,          0
  0.571902,   0.502624
  0.571902,   0.502624
  0.571902,   0.502624
         0,          0
         0,          0
  0.769793,   0.677565
  0.769793,   0.677565
         0,          0
         0,          0
  0.310896,   0.275537
  0.310896,   0.275537
  0.310896,   0.275537
         0,          0
         0,          0
  0.611376,   0.536373
  0.611376,   0.536373
  0.611376,   0.536373
         0,          0
         0,          0
  0.406369,   0.360505
  0.406369,   0.360505
  0.406369,   0.360505
         0,          0
         0,          0
  0.568428,   0.498145
  0.568428,   0.498145
  0.568428,   0.498145
  0.568428,   0.498145
  0.568428,   0.498145
         0,          0
         0,          0
  0.675726,   0.595641
  0.675726,   0.595641
         0,          0
         0,          0
  0.779897,    0.68086
  0.779897,    0.68086
  0.779897,    0.68086
         0,          0
         0,          0
  0.587393,   0.515552
  0.587393,   0.515552
  0.587393,   0.515552
         0,          0
         0,          0
  0.536415,   0.471523
  0.536415,   0.471523
  0.536415,   0.471523
         0,          0
         0,          0
  0.858267,   0.742523
  0.858267,   0.742523
  0.858267,   0.742523
  0.858267,   0.742523
         0,          0
         0,          0
  0.505409,   0.444978
  0.505409,   0.444978
  0.505409,   0.444978
         0,          0
         0,          0
  0.767093,   0.668419
  0.767093,   0.668419
  0.767093,   0.668419
  0.767093,   0.668419
  0.767093,   0.668419
         0,          0
         0,          0
  0.373292,   0.331644
  0.373292,   0.331644
         0,          0
         0,          0
  0.817812,   0.726219
         0,          0
         0,          0
         0,          0
         0,          0
 -0.824763,   0.235942
 -0.824763,   0.235942
         0,          0
         0,          0
         0,          0
         0,          0
   0.76414,   0.681389
         0,          0
         0,          0
         0,          0
         0,          0
         0,          0
         0,          0
         0,          0
  0.444525,   0.393628
  0.444525,   0.393628
  0.444525,   0.393628
         0,          0
         0,          0
  0.983635,   0.851159
  0.983635,   0.851159
  0.983635,   0.851159
  0.983635,   0.851159
         0,          0
         0,          0
  0.495416,   0.440415
  0.495416,   0.440415
         0,          0
         0,          0
   1.02173,   0.883102
   1.02173,   0.883102
   1.02173,   0.883102
   1.02173,   0.883102
         0,          0
         0,          0
  0.614414,   0.541956
  0.614414,   0.541956
  0.614414,   0.541956
  0.614414,   0.541956
         0,          0
         0,          0
         0,          0
         0,          0
0.000191735, -0.000791041
         0,          0
         0,          0
         0,          0
         0,          0
 -0.323419,  0.0897402
         0,          0
         0,          0
         0,          0
         0,          0
 -0.668605,   0.192578
 -0.668605,   0.192578
 -0.668605,   0.192578
         0,          0
         0,          0
         0,          0
         0,          0
         0,          0
         0,          0
 0.0559198,  -0.238768
 0.0559198,  -0.238768
         0,          0
         0,          0
         0,          0
         0,          0
 -0.204504,  0.0572589
 -0.204504,  0.0572589
 -0.204504,  0.0572589
         0,          0
         0,          0
         0,          0
 0.0491583,  -0.215738
 0.0491583,  -0.215738
 0.0491583,  -0.215738
 0.0491583,  -0.215738
 0.0491583,  -0.215738
 0.0491583,  -0.215738
         0,          0
         0,          0
         0,          0
         0,          0
         0,          0
         0,          0
         0,          0
  0.395397,   0.353586
         0,          0
         0,          0
         0,          0
         0,          0
0.000425577, 0.000385392
         0,          0
-3.26999E-005, 0.000134591
         0,          0
         0,          0
         0,          0
         0,          0
         0,          0
         0,          0
         0,          0
 0.0560808,  -0.239939
 0.0560808,  -0.239939
         0,          0
         0,          0
         0,          0
         0,          0
 0.0670409,  -0.287922
 0.0670409,  -0.287922
         0,          0
         0,          0
         0,          0
         0,          0
 -0.379817,   0.105714
         0,          0
         0,          0
         0,          0
         0,          0
  0.454085,   0.403166
  0.454085,   0.403166
  0.454085,   0.403166
  0.454085,   0.403166
         0,          0
         0,          0
         0,          0
  0.250167,   0.224952
  0.250167,   0.224952
         0,          0
         0,          0
         0,          0
         0,          0
         0,          0
   0.01129, -0.0473601
   0.01129, -0.0473601
         0,          0
         0,          0
         0,          0
         0,          0
         0,          0
         0,          0
  0.065207,  -0.278807
         0,          0
         0,          0
 0.0477402,  -0.204014
 0.0477402,  -0.204014
 0.0477402,  -0.204014
         0,          0
         0,          0
  0.021397, -0.0903365
  0.021397, -0.0903365
         0,          0
         0,          0
         0,          0
         0,          0
         0,          0
  0.117985,  -0.511164
         0,          0
         0,          0
 0.0673823,   -0.28838
 0.0673823,   -0.28838
 0.0673823,   -0.28838
         0,          0
         0,          0
 0.0368365,  -0.156683
 0.0368365,  -0.156683
         0,          0
         0,          0
         0,          0
         0,          0
 0.0630473,  -0.268823
 0.0630473,  -0.268823
         0,          0
         0,          0
 0.0474455,  -0.202684
 0.0474455,  -0.202684
         0,          0
         0,          0
 0.0591455,  -0.253717
 0.0591455,  -0.253717
         0,          0
         0,          0
 0.0392535,  -0.168426
 0.0392535,  -0.168426
 0.0392535,  -0.168426
         0,          0
         0,          0
 0.0322861,  -0.137804
 0.0322861,  -0.137804
 0.0322861,  -0.137804
 0.0322861,  -0.137804
         0,          0
         0,          0
         0,          0
   0.12073,  -0.517753
         0,          0
         0,          0
 0.0897193,  -0.386236
         0,          0
         0,          0
  0.065888,  -0.283338
  0.065888,  -0.283338
  0.065888,  -0.283338
         0,          0
         0,          0
   0.04752,  -0.200707
         0,          0
         0,          0
         0,          0
         0,          0
         0,          0
 -0.177569,  0.0492385
 -0.177569,  0.0492385
 -0.177569,  0.0492385
         0,          0
         0,          0
         0,          0
 -0.298022,  0.0841155
 -0.298022,  0.0841155
 -0.298022,  0.0841155
         0,          0
         0,          0
         0,          0
 -0.252056,  0.0709073
 -0.252056,  0.0709073
 -0.252056,  0.0709073
         0,          0
         0,          0
         0,          0
   -0.7821,   0.220211
         0,          0
         0,          0
 -0.161075,  0.0447385
 -0.161075,  0.0447385
         0,          0
         0,          0
         0,          0
         0,          0
  0.361671,   -1.57198
         0,          0
         0,          0
  0.020109, -0.0841311
  0.020109, -0.0841311
         0,          0
         0,          0
         0,          0
 0.0298385,  -0.126268
 0.0298385,  -0.126268
         0,          0
         0,          0
3.55898E-005, -0.000146774
         0,          0
         0,          0
         0,          0
 0.0746352,   -0.31653
         0,          0
         0,          0
  0.011956,  -0.049711
         0,          0
         0,          0
-3.08884E-005, 0.000127334
         0,          0
         0,          0
         0,          0
         0,          0
         0,          0
         0,          0
         0,          0
  0.023614, -0.0993517
         0,          0
         0,          0
         0,          0
         0,          0
         0,          0
         0,          0
 0.0267669,  -0.111368
         0,          0
         0,          0
 0.0239744,  -0.100887
         0,          0
         0,          0
  0.761345,    0.67557
         0,          0
         0,          0
         0,          0
 -0.657739,   0.186995
 -0.657739,   0.186995
         0,          0
         0,          0
 -0.904687,   0.259556
 -0.904687,   0.259556
         0,          0
         0,          0
         0,          0
  -1.04898,   0.302388
  -1.04898,   0.302388
         0,          0
         0,          0
 -0.545401,    0.15438
 -0.545401,    0.15438
         0,          0
         0,          0
         0,          0
  -1.77805,   0.509939
         0,          0
         0,          0
         0,          0
  -0.24807,  0.0692106
  -0.24807,  0.0692106
         0,          0
         0,          0
         0,          0
         0,          0
         0,          0
         0,          0
         0,          0
 -0.773469,   0.219724
         0,          0
         0,          0
-0.0238748, 0.00654729
         0,          0
         0,          0
         0,          0
  -0.91435,   0.262492
  -0.91435,   0.262492
         0,          0
         0,          0
 -0.180507,  0.0508397
         0,          0
         0,          0
         0,          0
         0,          0
         0,          0
         0,          0
  -1.18905,   0.349286
  -1.18905,   0.349286
  -1.18905,   0.349286
  -1.18905,   0.349286
         0,          0
         0,          0
         0,          0
         0,          0
         0,          0
         0,          0
 -0.940465,   0.273684
 -0.940465,   0.273684
 -0.940465,   0.273684
 -0.940465,   0.273684
         0,          0
         0,          0
         0,          0
         0,          0
         0,          0
         0,          0
         0,          0
 -0.821502,   0.237896
 -0.821502,   0.237896
 -0.821502,   0.237896
 -0.821502,   0.237896
         0,          0
         0,          0
         0,          0
         0,          0
         0,          0
         0,          0
 -0.864582,   0.254724
 -0.864582,   0.254724
 -0.864582,   0.254724
 -0.864582,   0.254724
         0,          0
         0,          0
         0,          0
         0,          0
         0,          0
         0,          0
 -0.680025,   0.195683
 -0.680025,   0.195683
 -0.680025,   0.195683
 -0.680025,   0.195683
         0,          0
         0,          0
         0,          0
         0,          0
         0,          0
         0,          0
 -0.395752,   0.112435
 -0.395752,   0.112435
 -0.395752,   0.112435
         0,          0
         0,          0
         0,          0
         0,          0
         0,          0
         0,          0
         0,          0
         0,          0
         0,          0
 -0.583248,   0.165705
 -0.583248,   0.165705
 -0.583248,   0.165705
         0,          0
         0,          0
         0,          0
         0,          0
         0,          0
         0,          0
 -0.853761,   0.248415
 -0.853761,   0.248415
 -0.853761,   0.248415
         0,          0
         0,          0
         0,          0
         0,          0
         0,          0
         0,          0
 -0.831818,   0.241796
 -0.831818,   0.241796
 -0.831818,   0.241796
         0,          0
         0,          0
         0,          0
         0,          0
         0,          0
         0,          0
         0,          0
 0.0080574,  -0.033229
         0,          0
         0,          0
 0.0349838,  -0.147221
 0.0349838,  -0.147221
 0.0349838,  -0.147221
         0,          0
         0,          0
 0.0634326,  -0.271722
 0.0634326,  -0.271722
 0.0634326,  -0.271722
 0.0634326,  -0.271722
         0,          0
         0,          0
 0.0369481,   -0.15391
         0,          0
         0,          0
 0.0535079,  -0.230511
 0.0535079,  -0.230511
 0.0535079,  -0.230511
 0.0535079,  -0.230511
         0,          0
         0,          0
  0.177891,  -0.777409
  0.177891,  -0.777409
         0,          0
         0,          0
 0.0148536, -0.0614464
         0,          0
         0,          0
 0.0235064, -0.0983394
 0.0235064, -0.0983394
         0,          0
         0,          0
         0,          0
 0.0247985,  -0.103812
 0.0247985,  -0.103812
         0,          0
         0,          0
         0,          0
 0.0534921,  -0.226756
 0.0534921,  -0.226756
 0.0534921,  -0.226756
         0,          0
         0,          0
         0,          0
 0.0682091,  -0.290077
 0.0682091,  -0.290077
         0,          0
         0,          0
 -0.592274,   0.168073
 -0.592274,   0.168073
         0,          0
         0,          0
 -0.384772,   0.108137
 -0.384772,   0.108137
         0,          0
         0,          0
 -0.174829,  0.0485172
 -0.174829,  0.0485172
 -0.174829,  0.0485172
         0,          0
         0,          0
         0,          0
         0,          0
  -0.75781,   0.216597
  -0.75781,   0.216597
         0,          0
         0,          0
  -0.85024,    0.24218
  -0.85024,    0.24218
  -0.85024,    0.24218
         0,          0
         0,          0
 -0.743043,   0.212283
 -0.743043,   0.212283
         0,          0
         0,          0
 -0.317853,   0.089054
 -0.317853,   0.089054
         0,          0
         0,          0
 -0.343189,  0.0962914
 -0.343189,  0.0962914
         0,          0
         0,          0
         0,          0
         0,          0
         0,          0
         0,          0
 -0.264131,  0.0730377
         0,          0
         0,          0
         0,          0
 0.0434843,  -0.182575
         0,          0
         0,          0
 0.0513082,  -0.214723
 0.0513082,  -0.214723
         0,          0
         0,          0
 0.0147924, -0.0616227
 0.0147924, -0.0616227
 0.0147924, -0.0616227
         0,          0
         0,          0
 0.0188666,  -0.078781
 0.0188666,  -0.078781
 0.0188666,  -0.078781
         0,          0
         0,          0
 0.0329119,  -0.139082
 0.0329119,  -0.139082
 0.0329119,  -0.139082
 0.0329119,  -0.139082
         0,          0
         0,          0
 0.0614149,  -0.263517
 0.0614149,  -0.263517
         0,          0
         0,          0
0.00789993, -0.0325826
         0,          0
         0,          0
         0,          0
 0.0901423,  -0.390903
 0.0901423,  -0.390903
 0.0901423,  -0.390903
         0,          0
         0,          0
  0.312353,   -1.43617
  0.312353,   -1.43617
  0.312353,   -1.43617
         0,          0
         0,          0
  0.234986,   -1.06204
  0.234986,   -1.06204
  0.234986,   -1.06204
         0,          0
         0,          0
  0.203547,  -0.913125
  0.203547,  -0.913125
  0.203547,  -0.913125
         0,          0
         0,          0
  0.192153,  -0.859714
  0.192153,  -0.859714
  0.192153,  -0.859714
         0,          0
         0,          0
         0,          0
  0.117434,  -0.514614
  0.117434,  -0.514614
  0.117434,  -0.514614
         0,          0
         0,          0
  0.117838,  -0.516522
  0.117838,  -0.516522
  0.117838,  -0.516522
         0,          0
         0,          0
  0.150172,  -0.674323
  0.150172,  -0.674323
  0.150172,  -0.674323
  0.150172,  -0.674323
         0,          0
         0,          0
 0.0995278,  -0.433757
 0.0995278,  -0.433757
 0.0995278,  -0.433757
         0,          0
         0,          0
  0.099643,   -0.43319
  0.099643,   -0.43319
  0.099643,   -0.43319
  0.099643,   -0.43319
         0,          0
         0,          0
 0.0883517,  -0.383398
 0.0883517,  -0.383398
 0.0883517,  -0.383398
         0,          0
         0,          0
0.00507023, -0.0209892
0.00507023, -0.0209892
         0,          0
         0,          0
         0,          0
  0.129546,   0.118991
  0.129546,   0.118991
  0.129546,   0.118991
  0.129546,   0.118991
         0,          0
         0,          0
  0.111629,   0.102906
  0.111629,   0.102906
         0,          0
         0,          0
  0.226567,   0.207577
  0.226567,   0.207577
  0.226567,   0.207577
         0,          0
         0,          0
  0.230106,   0.210766
  0.230106,   0.210766
  0.230106,   0.210766
         0,          0
         0,          0
  0.246293,   0.224441
  0.246293,   0.224441
  0.246293,   0.224441
         0,          0
         0,          0
  0.194976,   0.178847
  0.194976,   0.178847
  0.194976,   0.178847
         0,          0
         0,          0
  0.445619,   0.402634
  0.445619,   0.402634
  0.445619,   0.402634
         0,          0
         0,          0
  0.111465,   0.102709
  0.111465,   0.102709
         0,          0
         0,          0
         0,          0
  0.461797,   0.417512
  0.461797,   0.417512
  0.461797,   0.417512
  0.461797,   0.417512
         0,          0
         0,          0
  0.166251,   0.152665
  0.166251,   0.152665
  0.166251,   0.152665
         0,          0
         0,          0
  0.398734,   0.362822
  0.398734,   0.362822
  0.398734,   0.362822
         0,          0
         0,          0
  0.104299,  0.0964872
         0,          0
         0,          0
  0.382228,   0.348127
  0.382228,   0.348127
         0,          0
         0,          0
  0.225341,   0.205682
  0.225341,   0.205682
  0.225341,   0.205682
  0.225341,   0.205682
         0,          0
         0,          0
  0.389836,   0.354782
  0.389836,   0.354782
  0.389836,   0.354782
         0,          0
         0,          0
   0.13604,   0.125123
   0.13604,   0.125123
         0,          0
         0,          0
  0.266305,   0.243416
  0.266305,   0.243416
  0.266305,   0.243416
         0,          0
         0,          0
  0.175244,   0.160858
  0.175244,   0.160858
         0,          0
         0,          0
  0.210058,   0.191926
  0.210058,   0.191926
  0.210058,   0.191926
  0.210058,   0.191926
  0.210058,   0.191926
         0,          0
         0,          0
         0,          0
         0,          0
    0.2874,   0.261776
    0.2874,   0.261776
    0.2874,   0.261776
    0.2874,   0.261776
    0.2874,   0.261776
         0,          0
         0,          0
  0.239138,   0.218006
  0.239138,   0.218006
  0.239138,   0.218006
         0,          0
         0,          0
   0.21658,   0.198549
   0.21658,   0.198549
         0,          0
         0,          0
  0.559802,   0.503775
  0.559802,   0.503775
  0.559802,   0.503775
         0,          0
         0,          0
  0.118847,   0.109471
  0.118847,   0.109471
         0,          0
         0,          0
  0.246104,    0.22426
  0.246104,    0.22426
  0.246104,    0.22426
         0,          0
         0,          0
  0.271292,    0.24814
  0.271292,    0.24814
         0,          0
         0,          0
  0.107101,   0.098717
  0.107101,   0.098717
         0,          0
         0,          0
         0,          0
         0,          0
         0,          0
         0,          0
         0,          0
         0,          0
         0,          0
         0,          0
         0,          0
         0,          0
         0,          0
         0,          0
         0,          0
         0,          0
         0,          0
         0,          0
         0,          0
         0,          0
         0,          0
         0,          0
         0,          0
         0,          0
         0,          0
         0,          0
         0,          0
  0.176497,   0.163085
         0,          0
         0,          0
         0,          0
 0.0858118,  0.0798243
         0,          0
         0,          0
         0,          0
         0,          0
 0.0248583,  0.0231623
 0.0248583,  0.0231623
         0,          0
         0,          0
         0,          0
         0,          0
  0.563125,    0.51738
         0,          0
         0,          0
         0,          0
         0,          0
 0.0673188,   0.062313
 0.0673188,   0.062313
         0,          0
         0,          0
         0,          0
         0,          0
  0.135267,    0.12504
  0.135267,    0.12504
         0,          0
         0,          0
         0,          0
         0,          0
  0.141908,   0.131497
  0.141908,   0.131497
         0,          0
         0,          0
         0,          0
         0,          0
         0,          0
         0,          0
   0.28173,   0.258774
   0.28173,   0.258774
         0,          0
         0,          0
         0,          0
   0.17405,   0.160901
         0,          0
         0,          0
         0,          0
  0.141154,   0.130452
  0.141154,   0.130452
         0,          0
         0,          0
   0.21355,   0.197803
         0,          0
         0,          0
         0,          0
         0,          0
 0.0373125,  -0.157524
 0.0373125,  -0.157524
         0,          0
         0,          0
         0,          0
         0,          0
  0.135998,  -0.592347
  0.135998,  -0.592347
  0.135998,  -0.592347
         0,          0
         0,          0
         0,          0
         0,          0
 0.0712426,  -0.305484
 0.0712426,  -0.305484
 0.0712426,  -0.305484
         0,          0
         0,          0
         0,          0
         0,          0
  0.132786,  -0.586634
  0.132786,  -0.586634
  0.132786,  -0.586634
  0.132786,  -0.586634
         0,          0
         0,          0
         0,          0
         0,          0
 0.0609968,  -0.259407
 0.0609968,  -0.259407
         0,          0
         0,          0
         0,          0
         0,          0
  0.472047,    0.42708
  0.472047,    0.42708
  0.472047,    0.42708
  0.472047,    0.42708
  0.472047,    0.42708
         0,          0
         0,          0
         0,          0
         0,          0
         0,          0
         0,          0
         0,          0
  0.494951,   0.448672
  0.494951,   0.448672
  0.494951,   0.448672
         0,          0
         0,          0
         0,          0
 0.0988373,  0.0916076
 0.0988373,  0.0916076
         0,          0
         0,          0
         0,          0
         0,          0
   0.21229,   0.196739
         0,          0
         0,          0
         0,          0
         0,          0
         0,          0
         0,          0
         0,          0
         0,          0
         0,          0
 0.0587133,  -0.252881
 0.0587133,  -0.252881
         0,          0
         0,          0
  0.110676,  -0.484466
  0.110676,  -0.484466
  0.110676,  -0.484466
         0,          0
         0,          0
 0.0793897,  -0.344573
 0.0793897,  -0.344573
 0.0793897,  -0.344573
         0,          0
         0,          0
  0.149571,  -0.660559
  0.149571,  -0.660559
         0,          0
         0,          0
  0.135198,  -0.595805
  0.135198,  -0.595805
  0.135198,  -0.595805
         0,          0
         0,          0
  0.141253,  -0.630351
  0.141253,  -0.630351
  0.141253,  -0.630351
  0.141253,  -0.630351
         0,          0
         0,          0
 0.0608629,  -0.262765
 0.0608629,  -0.262765
 0.0608629,  -0.262765
         0,          0
         0,          0
  0.093042,  -0.405697
  0.093042,  -0.405697
  0.093042,  -0.405697
         0,          0
         0,          0
  0.198328,  -0.885488
  0.198328,  -0.885488
         0,          0
         0,          0
         0,          0
         0,          0
  0.860705,   0.765264
  0.860705,   0.765264
  0.860705,   0.765264
  0.860705,   0.765264
         0,          0
         0,          0
         0,          0
         0,          0
   0.45687,   0.417051
   0.45687,   0.417051
         0,          0
         0,          0
         0,          0
  0.345974,   0.319201
         0,          0
         0,          0
         0,          0
         0,          0
  0.439419,   0.401236
  0.439419,   0.401236
         0,          0
         0,          0
         0,          0
         0,          0
  0.243808,    0.22457
         0,          0
         0,          0
         0,          0
         0,          0
         0,          0
         0,          0
         0,          0
         0,          0
         0,          0
         0,          0
         0,          0
         0,          0
         0,          0
         0,          0
         0,          0
         0,          0
         0,          0
         0,          0
         0,          0
 -0.164651,   0.046461
 -0.164651,   0.046461
         0,          0
         0,          0
         0,          0
         0,          0
 -0.350679,   0.100857
 -0.350679,   0.100857
 -0.350679,   0.100857
         0,          0
         0,          0
         0,          0
         0,          0
 -0.386204,   0.111392
 -0.386204,   0.111392
         0,          0
         0,          0
         0,          0
         0,          0
         0,          0
         0,          0
 -0.788248,   0.231418
 -0.788248,   0.231418
         0,          0
         0,          0
         0,          0
         0,          0
         0,          0
         0,          0
         0,          0
         0,          0
         0,          0
         0,          0
         0,          0
         0,          0
 -0.466897,   0.135457
 -0.466897,   0.135457
         0,          0
         0,          0
 -0.757832,   0.225486
 -0.757832,   0.225486
 -0.757832,   0.225486
         0,          0
         0,          0
 -0.923096,   0.280093
 -0.923096,   0.280093
 -0.923096,   0.280093
 -0.923096,   0.280093
         0,          0
         0,          0
 -0.544179,   0.159829
 -0.544179,   0.159829
 -0.544179,   0.159829
 -0.544179,   0.159829
         0,          0
         0,          0
 -0.758582,   0.228307
 -0.758582,   0.228307
 -0.758582,   0.228307
 -0.758582,   0.228307
         0,          0
         0,          0
 -0.625354,   0.184444
 -0.625354,   0.184444
 -0.625354,   0.184444
 -0.625354,   0.184444
         0,          0
         0,          0
 -0.890178,   0.266526
 -0.890178,   0.266526
 -0.890178,   0.266526
         0,          0
         0,          0
         0,          0
         0,          0
   0.26293,   0.240884
   0.26293,   0.240884
   0.26293,   0.240884
         0,          0
         0,          0
         0,          0
         0,          0
 -0.293627,  0.0837259
         0,          0
         0,          0
         0,          0
         0,          0
  0.376517,   -1.67584
         0,          0
         0,          0
         0,          0
         0,          0
         0,          0
         0,          0
-0.0758798,  0.0215179
         0,          0
         0,          0
 -0.787464,   0.232505
 -0.787464,   0.232505
 -0.787464,   0.232505
         0,          0
         0,          0
 -0.617832,   0.181247
 -0.617832,   0.181247
         0,          0
         0,          0
  -1.23087,   0.373323
  -1.23087,   0.373323
  -1.23087,   0.373323
  -1.23087,   0.373323
         0,          0
         0,          0
  -1.65043,   0.500048
  -1.65043,   0.500048
         0,          0
         0,          0
 -0.849112,    0.25149
 -0.849112,    0.25149
         0,          0
         0,          0
 -0.927428,   0.275498
 -0.927428,   0.275498
         0,          0
         0,          0
  -1.24344,   0.377896
  -1.24344,   0.377896
  -1.24344,   0.377896
  -1.24344,   0.377896
         0,          0
         0,          0
  -1.36401,   0.416384
  -1.36401,   0.416384
  -1.36401,   0.416384
  -1.36401,   0.416384
         0,          0
         0,          0
  -1.23621,   0.375905
  -1.23621,   0.375905
  -1.23621,   0.375905
  -1.23621,   0.375905
         0,          0
         0,          0
 -0.988619,   0.298044
 -0.988619,   0.298044
 -0.988619,   0.298044
 -0.988619,   0.298044
         0,          0
         0,          0
  -1.45301,   0.445176
  -1.45301,   0.445176
  -1.45301,   0.445176
  -1.45301,   0.445176
         0,          0
         0,          0
 -0.973448,   0.293395
 -0.973448,   0.293395
 -0.973448,   0.293395
 -0.973448,   0.293395
         0,          0
         0,          0
  -1.11214,   0.333295
  -1.11214,   0.333295
  -1.11214,   0.333295
         0,          0
         0,          0
         0,          0
         0,          0
 0.0982182,   0.090987
         0,          0
         0,          0
         0,          0
         0,          0
 -0.241162,  0.0690867
         0,          0
         0,          0
         0,          0
         0,          0
         0,          0
         0,          0
  0.591028,   0.535684
  0.591028,   0.535684
         0,          0
         0,          0
         0,          0
         0,          0
         0,          0
         0,          0
         0,          0
         0,          0
   1.20825,    1.09519
         0,          0
         0,          0
         0,          0
         0,          0
 0.0145495,  0.0135248
         0,          0
         0,          0
         0,          0
         0,          0
 0.0648227,  0.0599966
         0,          0
         0,          0
         0,          0
         0,          0
 -0.332576,  0.0950495
         0,          0
         0,          0
 -0.703422,    0.20133
         0,          0
         0,          0
         0,          0
         0,          0
         0,          0
         0,          0
         0,          0
         0,          0
         0,          0
         0,          0
         0,          0
         0,          0
         0,          0
 -0.540468,   0.156802
         0,          0
         0,          0
         0,          0
         0,          0
         0,          0
         0,          0
         0,          0
         0,          0
         0,          0
  0.362657,   0.332064
  0.362657,   0.332064
         0,          0
         0,          0
         0,          0
         0,          0
  0.180392,    0.16589
  0.180392,    0.16589
  0.180392,    0.16589
         0,          0
         0,          0
  0.389939,   0.354862
  0.389939,   0.354862
  0.389939,   0.354862
  0.389939,   0.354862
         0,          0
         0,          0
  0.288803,   0.262902
  0.288803,   0.262902
  0.288803,   0.262902
  0.288803,   0.262902
         0,          0
         0,          0
  0.488211,   0.440364
  0.488211,   0.440364
  0.488211,   0.440364
         0,          0
         0,          0
  0.306058,   0.280472
  0.306058,   0.280472
         0,          0
         0,          0
  0.394855,   0.358044
  0.394855,   0.358044
  0.394855,   0.358044
  0.394855,   0.358044
  0.394855,   0.358044
         0,          0
         0,          0
  0.389321,   0.354318
  0.389321,   0.354318
  0.389321,   0.354318
         0,          0
         0,          0
  0.297505,   0.273264
  0.297505,   0.273264
         0,          0
         0,          0
   0.35254,   0.320011
   0.35254,   0.320011
   0.35254,   0.320011
   0.35254,   0.320011
         0,          0
         0,          0
  0.410805,   0.372069
  0.410805,   0.372069
  0.410805,   0.372069
  0.410805,   0.372069
         0,          0
         0,          0
         0,          0
         0,          0
 0.0347482,   -0.14988
         0,          0
         0,          0
         0,          0
         0,          0
         0,          0
         0,          0
         0,          0
         0,          0
         0,          0
         0,          0
         0,          0
         0,          0
         0,          0
         0,          0
         0,          0
  0.231561,    -1.0468
         0,          0
         0,          0
  0.201142,  -0.912388
  0.201142,  -0.912388
         0,          0
         0,          0
         0,          0
  0.108037,  -0.475635
  0.108037,  -0.475635
         0,          0
         0,          0
         0,          0
         0,          0
 0.0988411,  -0.432325
         0,          0
         0,          0
 0.0820831,  -0.362839
 0.0820831,  -0.362839
 0.0820831,  -0.362839
         0,          0
         0,          0
         0,          0
 0.0979102,  -0.434656
 0.0979102,  -0.434656
         0,          0
         0,          0
         0,          0
         0,          0
  0.216644,   -0.96533
         0,          0
         0,          0
         0,          0
         0,          0
         0,          0
   0.13727,   -0.61625
   0.13727,   -0.61625
         0,          0
         0,          0
  0.109917,  -0.496648
  0.109917,  -0.496648
  0.109917,  -0.496648
         0,          0
         0,          0
  0.162212,  -0.741477
  0.162212,  -0.741477
  0.162212,  -0.741477
  0.162212,  -0.741477
         0,          0
         0,          0
         0,          0
  0.245197,   -1.15027
  0.245197,   -1.15027
  0.245197,   -1.15027
         0,          0
         0,          0
  0.179439,  -0.824091
  0.179439,  -0.824091
  0.179439,  -0.824091
  0.179439,  -0.824091
         0,          0
         0,          0
  0.134986,  -0.614952
  0.134986,  -0.614952
  0.134986,  -0.614952
         0,          0
         0,          0
 0.0690454,  -0.302834
 0.0690454,  -0.302834
         0,          0
         0,          0
   0.13943,  -0.635813
   0.13943,  -0.635813
   0.13943,  -0.635813
         0,          0
         0,          0
  0.171345,  -0.788499
  0.171345,  -0.788499
  0.171345,  -0.788499
         0,          0
         0,          0
         0,          0
         0,          0
  0.258132,   -1.17571
         0,          0
         0,          0
 0.0536973,  -0.235012
         0,          0
         0,          0
         0,          0
  0.155064,  -0.692974
         0,          0
         0,          0
         0,          0
         0,          0
         0,          0
  0.217302,  -0.965653
         0,          0
         0,          0
         0,          0
         0,          0
 0.0801735,  -0.357173
 0.0801735,  -0.357173
 0.0801735,  -0.357173
         0,          0
         0,          0
         0,          0
         0,          0
  0.133079,  -0.605177
  0.133079,  -0.605177
         0,          0
         0,          0
         0,          0
         0,          0
         0,          0
         0,          0
  0.168275,   0.155487
         0,          0
         0,          0
         0,          0
         0,          0
         0,          0
         0,          0
         0,          0
 0.0474554,  -0.206322
         0,          0
         0,          0
         0,          0
         0,          0
         0,          0
         0,          0
         0,          0
         0,          0
         0,          0
         0,          0
 -0.794274,   0.232695
         0,          0
         0,          0
         0,          0
         0,          0
         0,          0
         0,          0
         0,          0
         0,          0
         0,          0
         0,          0
 0.0486148,  -0.210193
         0,          0
         0,          0
         0,          0
         0,          0
         0,          0
         0,          0
         0,          0
         0,          0
         0,          0
 -0.106535,  0.0301511
         0,          0
         0,          0
         0,          0
 -0.413905,   0.118673
         0,          0
         0,          0
         0,          0
         0,          0
  -1.22673,    0.35897
         0,          0
         0,          0
         0,          0
  0.121011,   0.111827
  0.121011,   0.111827
         0,          0
         0,          0
         0,          0
 0.0836222,  0.0770892
 0.0836222,  0.0770892
 0.0836222,  0.0770892
 0.0836222,  0.0770892
         0,          0
         0,          0
         0,          0
         0,          0
 -0.172732,  0.0490984
 -0.172732,  0.0490984
         0,          0
         0,          0
 -0.363509,   0.102923
         0,          0
         0,          0
         0,          0
-0.00930512, 0.00258221
         0,          0
         0,          0
         0,          0
         0,          0
 0.0692718,  -0.295646
         0,          0
         0,          0
         0,          0
         0,          0
 -0.380155,   0.108956
 -0.380155,   0.108956
         0,          0
         0,          0
         0,          0
         0,          0
         0,          0
         0,          0
         0,          0
         0,          0
         0,          0
         0,          0
         0,          0
         0,          0
         0,          0
         0,          0
   0.58931,   0.541397
         0,          0
         0,          0
         0,          0
         0,          0
  0.134869,  -0.602584
  0.134869,  -0.602584
  0.134869,  -0.602584
         0,          0
         0,          0
         0,          0
   0.13833,  -0.598838
         0,          0
         0,          0
         0,          0
 0.0411917,  -0.175351
         0,          0
         0,          0
  0.141808,  -0.627261
  0.141808,  -0.627261
         0,          0
         0,          0
  0.242007,   -1.09348
  0.242007,   -1.09348
         0,          0
         0,          0
  0.332815,   -1.64424
  0.332815,   -1.64424
  0.332815,   -1.64424
  0.332815,   -1.64424
  0.332815,   -1.64424
         0,          0
         0,          0
  0.114988,  -0.497422
         0,          0
         0,          0
  0.144589,  -0.650965
  0.144589,  -0.650965
  0.144589,  -0.650965
         0,          0
         0,          0
  0.205971,  -0.943441
  0.205971,  -0.943441
  0.205971,  -0.943441
         0,          0
         0,          0
  0.182368,  -0.830273
  0.182368,  -0.830273
  0.182368,  -0.830273
         0,          0
         0,          0
         0,          0
 0.0949744,  -0.416092
 0.0949744,  -0.416092
         0,          0
         0,          0
  0.203543,   -0.93217
  0.203543,   -0.93217
  0.203543,   -0.93217
         0,          0
         0,          0
         0,          0
   0.21385,  -0.982033
   0.21385,  -0.982033
   0.21385,  -0.982033
         0,          0
         0,          0
  0.176392,  -0.787896
  0.176392,  -0.787896
         0,          0
         0,          0
 0.0561851,  -0.240805
         0,          0
         0,          0
         0,          0
  0.218846,   -1.00634
  0.218846,   -1.00634
  0.218846,   -1.00634
         0,          0
         0,          0
  0.181124,  -0.820552
  0.181124,  -0.820552
  0.181124,  -0.820552
  0.181124,  -0.820552
         0,          0
         0,          0
  0.136946,  -0.615339
  0.136946,  -0.615339
  0.136946,  -0.615339
         0,          0
         0,          0
  0.168524,  -0.751923
  0.168524,  -0.751923
  0.168524,  -0.751923
         0,          0
         0,          0
  0.138715,  -0.612508
  0.138715,  -0.612508
         0,          0
         0,          0
         0,          0
0.000527778, -0.00221296
         0,          0
         0,          0
  0.221373,   -1.03414
  0.221373,   -1.03414
  0.221373,   -1.03414
  0.221373,   -1.03414
         0,          0
         0,          0
  0.103251,  -0.449224
  0.103251,  -0.449224
  0.103251,  -0.449224
         0,          0
         0,          0
  0.169148,   -0.73507
         0,          0
         0,          0
         0,          0
         0,          0
         0,          0
         0,          0
         0,          0
         0,          0
         0,          0
         0,          0
         0,          0
  0.121391,  -0.532996
  0.121391,  -0.532996
         0,          0
         0,          0
  0.247095,   -1.11402
  0.247095,   -1.11402
         0,          0
         0,          0
         0,          0
 0.0633777,  -0.272599
 0.0633777,  -0.272599
 0.0633777,  -0.272599
         0,          0
         0,          0
         0,          0
         0,          0
 0.0441934,  -0.189146
 0.0441934,  -0.189146
 0.0441934,  -0.189146
 0.0441934,  -0.189146
 0.0441934,  -0.189146
         0,          0
         0,          0
 0.0632805,  -0.266063
         0,          0
         0,          0
         0,          0
         0,          0
         0,          0
         0,          0
 0.0284378,  -0.118505
         0,          0
         0,          0
         0,          0
         0,          0
 -0.359289,   0.102552
 -0.359289,   0.102552
 -0.359289,   0.102552
 -0.359289,   0.102552
         0,          0
         0,          0
         0,          0
 -0.512902,   0.148071
 -0.512902,   0.148071
 -0.512902,   0.148071
 -0.512902,   0.148071
         0,          0
         0,          0
   -0.3646,   0.103291
   -0.3646,   0.103291
   -0.3646,   0.103291
         0,          0
         0,          0
 -0.315549,  0.0889239
 -0.315549,  0.0889239
 -0.315549,  0.0889239
 -0.315549,  0.0889239
         0,          0
         0,          0
 -0.524993,    0.14849
 -0.524993,    0.14849
         0,          0
         0,          0
 -0.361376,   0.102161
 -0.361376,   0.102161
 -0.361376,   0.102161
 -0.361376,   0.102161
         0,          0
         0,          0
         0,          0
         0,          0
         0,          0
         0,          0
